signal_mode,z_window,entry_z,max_hold,cost_bps,Sharpe,CAGR,MaxDD,AvgTurnover,TotalCost,HitRate,AvgWin,AvgLoss,Payoff,AvgHoldDays,SharpeRank,CAGRank,TurnoverRank
price_ma_z,60,3.0,5,0.0,0.448723852523055,0.013034895062046026,-0.045282416324969765,0.02907358140380132,0.0,0.5303030303030303,0.009604149680622374,-0.0069178128535375945,1.3883216970391234,5.803030303030303,1.0,14.0,101.0
price_ma_z,40,3.0,5,0.0,0.413728402550796,0.013124130331778616,-0.06482886011961142,0.034511223267336306,0.0,0.48148148148148145,0.011339441026486125,-0.008302399369181255,1.3658028868833334,5.555555555555555,2.0,12.0,109.0
price_ma_z,40,2.0,3,0.0,0.37990594218640467,0.022879440403504203,-0.14446825403788155,0.2087451167064227,0.0,0.543918918918919,0.009126882720477942,-0.010497699722732528,0.8694173925278018,6.625,3.0,2.0,237.0
price_ma_z,60,2.5,3,0.0,0.3791578773672117,0.014459852406279783,-0.0595680860464296,0.07453661544103848,0.0,0.5095541401273885,0.007172426693534453,-0.0076730951171341405,0.9347501345993109,4.624203821656051,4.0,7.0,153.0
price_ma_z,40,2.0,5,0.0,0.3588446461878067,0.023331949530356777,-0.1675254372999394,0.1892963234438104,0.0,0.5350877192982456,0.012764222434554422,-0.012959515723289596,0.9849305102979881,10.276315789473685,5.0,1.0,233.0
price_ma_z,20,2.5,10,0.0,0.34321980592249784,0.022523448117582667,-0.15215426059165393,0.10690951371758811,0.0,0.575,0.01290902734569228,-0.016984374312298715,0.7600531587639707,11.95,6.0,3.0,205.0
return_z,20,3.0,5,0.0,0.34293397352745253,0.006073751926915394,-0.048080385106363144,0.0211200765863828,0.0,0.03508771929824561,0.01382064030686508,-0.009654682296898552,1.431496126113315,2.0,7.0,25.0,73.0
return_z,20,3.0,10,0.0,0.33513161844628325,0.005981110296304326,-0.039128394665835176,0.021339599579983794,0.0,0.03508771929824561,0.01382064030686508,-0.010326643859653825,1.3383477240715438,2.1228070175438596,8.0,26.0,81.0
price_ma_z,20,2.5,5,0.0,0.3323063257715787,0.018643745732691563,-0.16756937216889978,0.10753161540998761,0.0,0.52,0.009875440606734167,-0.011200125818126589,0.8817258633605245,6.095,9.0,4.0,209.0
price_ma_z,40,3.0,10,0.0,0.33203977492924797,0.013958872627658048,-0.09281786717595919,0.03503265435076686,0.0,0.5714285714285714,0.015156507129549879,-0.012399517185573762,1.2223465561371811,10.35064935064935,10.0,8.0,113.0
price_ma_z,60,2.5,5,0.0,0.32615223032190166,0.013497877498453548,-0.07165953072009135,0.06853113903000606,0.0,0.5481481481481482,0.008092742087188865,-0.008100981919908566,0.9989828600037421,6.940740740740741,11.0,11.0,149.0
return_z,20,3.0,3,0.0,0.3212192208331356,0.005428296842335367,-0.04339679307858513,0.02125017502059583,0.0,0.05263157894736842,0.009366267267656471,-0.007018166364913057,1.3345746995230288,1.7719298245614035,12.0,28.0,77.0
price_ma_z,40,3.0,3,0.0,0.32094545140131453,0.008386587857633243,-0.06308248728588794,0.03510105419379098,0.0,0.5977011494252874,0.00867954707856081,-0.00848374008089813,1.0230802683481022,3.4482758620689653,13.0,20.0,117.0
price_ma_z,60,3.0,5,5.0,0.32068666063122225,0.009330662395706568,-0.04742231276921871,0.02907358140380132,0.07312005723056032,0.5151515151515151,0.009257795202052358,-0.007209813665351009,1.2840547109481564,5.803030303030303,14.0,17.0,101.0
price_ma_z,40,2.5,5,0.0,0.3088903094975491,0.015237270905390732,-0.0915861748657063,0.09106056587382454,0.0,0.543859649122807,0.00874306956234717,-0.01013660570494031,0.8625243811235582,6.742690058479532,15.0,6.0,173.0
price_ma_z,40,2.5,3,0.0,0.2961422021834408,0.013042257971456195,-0.09659021413989566,0.0957214523720148,0.0,0.5577889447236181,0.007081683749044635,-0.008816745813746994,0.8032083377069729,4.241206030150754,16.0,13.0,201.0
return_z,40,4.0,5,0.0,0.2938456597376237,0.0037882984280275256,-0.03994826405875873,0.005362193966484728,0.0,0.0625,0.0275498981822206,-0.018425734526073913,1.4951858848956743,1.4375,17.0,40.0,49.0
return_z,40,4.0,10,0.0,0.2938456597376237,0.0037882984280275256,-0.03994826405875873,0.005362193966484728,0.0,0.0625,0.0275498981822206,-0.018425734526073913,1.4951858848956743,1.4375,17.0,40.0,49.0
price_ma_z,40,2.5,10,0.0,0.28919777357991244,0.017306105653339232,-0.12520761845256578,0.08784680012668585,0.0,0.5461538461538461,0.015043026141511578,-0.013774678632235644,1.092078192394829,13.561538461538461,19.0,5.0,169.0
price_ma_z,40,3.0,5,5.0,0.2757074856625905,0.008728211610596892,-0.07530467784129935,0.034511223267336306,0.08679572651735082,0.4691358024691358,0.01096708462449073,-0.00851820764590192,1.2874873541932212,5.555555555555555,20.0,19.0,109.0
price_ma_z,60,2.5,10,0.0,0.2661303764747437,0.01350160907912823,-0.11251201873189065,0.06405183164258303,0.0,0.5392156862745098,0.013807558921410617,-0.011719682977371897,1.1781512305469306,13.627450980392156,21.0,10.0,145.0
return_z,40,3.0,5,0.0,0.25675174232395453,0.006445105410937568,-0.064510712155595,0.036251172015861644,0.0,0.07446808510638298,0.004668487512340896,-0.009864312946486589,0.4732704180886404,2.234042553191489,22.0,23.0,121.0
price_ma_z,60,4.0,5,0.0,0.25591139093973575,0.0025103035882874103,-0.02358858075521375,0.00326071454020006,0.0,0.6666666666666666,0.011256476273766419,-0.00721603135523104,1.5599261865189074,4.555555555555555,23.0,53.0,41.0
return_z,40,4.0,5,5.0,0.2458240832018794,0.0031103315311482582,-0.04105899294940285,0.005362193966484728,0.013485917825709091,0.0625,0.026615810741058264,-0.005331688799409691,4.992003798872337,1.4375,24.0,47.0,49.0
return_z,40,4.0,10,5.0,0.2458240832018794,0.0031103315311482582,-0.04105899294940285,0.005362193966484728,0.013485917825709091,0.0625,0.026615810741058264,-0.005331688799409691,4.992003798872337,1.4375,24.0,47.0,49.0
return_z,40,4.0,3,0.0,0.24204663530972265,0.0030016862896009577,-0.03994826405875873,0.005362193966484728,0.0,0.0625,0.0275498981822206,-0.015849427069032238,1.738226754962619,1.375,26.0,49.0,49.0
price_ma_z,60,2.0,5,0.0,0.2316270116894509,0.013557496079784181,-0.1583919541567198,0.14649829207329698,0.0,0.5628140703517588,0.009749330886395501,-0.011621705768512507,0.8388898394597151,10.206030150753769,27.0,9.0,221.0
price_ma_z,40,3.0,10,5.0,0.22581031824728987,0.009493005793002274,-0.1077751064879583,0.03503265435076686,0.08810712569217866,0.5714285714285714,0.01452729124891547,-0.012862215069213185,1.129454854450987,10.35064935064935,28.0,16.0,113.0
return_z,20,4.0,3,0.0,0.22382896054471776,0.0013811864281765285,0.0,0.00027504882095454947,0.0,0.0,,,,1.0,29.0,66.0,13.0
return_z,20,4.0,5,0.0,0.22382896054471776,0.0013811864281765285,0.0,0.00027504882095454947,0.0,0.0,,,,1.0,29.0,66.0,13.0
return_z,20,4.0,10,0.0,0.22382896054471776,0.0013811864281765285,0.0,0.00027504882095454947,0.0,0.0,,,,1.0,29.0,66.0,13.0
return_z,20,4.0,3,5.0,0.22096476620448163,0.0013464830114771065,-0.00034581408487111,0.00027504882095454947,0.000691747784700692,0.0,,-0.000345873892350346,,1.0,32.0,69.0,13.0
return_z,20,4.0,5,5.0,0.22096476620448163,0.0013464830114771065,-0.00034581408487111,0.00027504882095454947,0.000691747784700692,0.0,,-0.000345873892350346,,1.0,32.0,69.0,13.0
return_z,20,4.0,10,5.0,0.22096476620448163,0.0013464830114771065,-0.00034581408487111,0.00027504882095454947,0.000691747784700692,0.0,,-0.000345873892350346,,1.0,32.0,69.0,13.0
return_z,20,4.0,3,10.0,0.21799070508424448,0.0013117807974438733,-0.0006915085823610001,0.00027504882095454947,0.001383495569401384,0.0,,-0.000691747784700692,,1.0,35.0,72.0,13.0
return_z,20,4.0,5,10.0,0.21799070508424448,0.0013117807974438733,-0.0006915085823610001,0.00027504882095454947,0.001383495569401384,0.0,,-0.000691747784700692,,1.0,35.0,72.0,13.0
return_z,20,4.0,10,10.0,0.21799070508424448,0.0013117807974438733,-0.0006915085823610001,0.00027504882095454947,0.001383495569401384,0.0,,-0.000691747784700692,,1.0,35.0,72.0,13.0
price_ma_z,60,4.0,5,5.0,0.21344051581742896,0.0020985067970673565,-0.025548114430417712,0.00326071454020006,0.008200697068603153,0.6666666666666666,0.010775675063023543,-0.005334873812357828,2.0198556595776482,4.555555555555555,38.0,58.0,41.0
return_z,20,4.0,3,20.0,0.2116965369971431,0.00124237997720833,-0.0013825389806023658,0.00027504882095454947,0.002766991138802768,0.0,,-0.001383495569401384,,1.0,39.0,76.0,13.0
return_z,20,4.0,5,20.0,0.2116965369971431,0.00124237997720833,-0.0013825389806023658,0.00027504882095454947,0.002766991138802768,0.0,,-0.001383495569401384,,1.0,39.0,76.0,13.0
return_z,20,4.0,10,20.0,0.2116965369971431,0.00124237997720833,-0.0013825389806023658,0.00027504882095454947,0.002766991138802768,0.0,,-0.001383495569401384,,1.0,39.0,76.0,13.0
return_z,20,3.0,5,5.0,0.19643109345680487,0.0034000183893503344,-0.059261940841282224,0.0211200765863828,0.05311699261475274,0.017543859649122806,0.026615810741058264,-0.004799917476719334,5.545055903596438,2.0,42.0,44.0,73.0
return_z,40,4.0,5,10.0,0.19568698834721843,0.002432822538703361,-0.0421684367856876,0.005362193966484728,0.026971835651418183,0.0625,0.025681723299895928,-0.005749848391866342,4.466504427529768,1.4375,43.0,54.0,49.0
return_z,40,4.0,10,10.0,0.19568698834721843,0.002432822538703361,-0.0421684367856876,0.005362193966484728,0.026971835651418183,0.0625,0.025681723299895928,-0.005749848391866342,4.466504427529768,1.4375,43.0,54.0,49.0
price_ma_z,60,3.0,5,10.0,0.19316161501225537,0.005639974514164869,-0.049557412866495176,0.02907358140380132,0.14624011446112065,0.5151515151515151,0.00867345191727055,-0.007981444351429936,1.0867020473201239,5.803030303030303,45.0,27.0,101.0
return_z,40,4.0,3,5.0,0.1908865600934883,0.002324250677048445,-0.04167615754477272,0.005362193966484728,0.013485917825709091,0.0625,0.026615810741058264,-0.004644111698796002,5.7310875507060866,1.375,46.0,56.0,49.0
price_ma_z,60,3.0,3,0.0,0.19020291751632648,0.004957014629318746,-0.06984903582513313,0.029335127901026353,0.0,0.5633802816901409,0.006819609714113407,-0.008220227656962668,0.8296132417132128,3.7183098591549295,47.0,34.0,105.0
return_z,20,3.0,10,5.0,0.1881835054358795,0.0032798719604858473,-0.05041510337636579,0.021339599579983794,0.053669092943659236,0.017543859649122806,0.026615810741058264,-0.005109845286861221,5.208731232919053,2.1228070175438596,48.0,46.0,81.0
price_ma_z,20,2.5,3,0.0,0.18277332797675008,0.00837872846901,-0.1577317333589794,0.10769505647124288,0.0,0.6103896103896104,0.006763845707523041,-0.009566324439256788,0.707047492531889,3.5974025974025974,49.0,21.0,213.0
return_z,40,3.0,10,0.0,0.1796463939304544,0.004608830152149412,-0.08636495129238286,0.03645758476124364,0.0,0.07446808510638298,0.004668487512340896,-0.011224941918623763,0.41590304396989497,2.4148936170212765,50.0,37.0,129.0
price_ma_z,60,4.0,5,10.0,0.17088321042080545,0.0016868791578219522,-0.027503715570474374,0.00326071454020006,0.016401394137206305,0.6666666666666666,0.010294873852280667,-0.00585906005456163,1.7570862487175722,4.555555555555555,51.0,64.0,41.0
return_z,20,3.0,3,5.0,0.16519328367676442,0.0027398412110128945,-0.0528675698628972,0.02125017502059583,0.05344419017679851,0.017543859649122806,0.026615810741058264,-0.0034962133944787185,7.612753495850802,1.7719298245614035,52.0,52.0,77.0
price_ma_z,20,3.0,5,0.0,0.15885574989531995,0.005004992729862989,-0.13931503658304922,0.0231177417131404,0.0,0.5344827586206896,0.009737968383077436,-0.01243195471987079,0.7833014680718404,5.0344827586206895,53.0,32.0,85.0
price_ma_z,40,2.0,10,0.0,0.15431159468462344,0.01117105300658916,-0.25808692256956245,0.16555907223841615,0.0,0.5214285714285715,0.017313307042328502,-0.018054508366987937,0.9589464686828749,21.242857142857144,54.0,15.0,229.0
price_ma_z,60,4.0,3,0.0,0.15058090179721234,0.0011788234197738223,-0.032090545076274846,0.0031623635635023213,0.0,0.6666666666666666,0.008710713239405938,-0.003187827258564817,2.7324922377781427,2.7777777777777777,55.0,79.0,37.0
price_ma_z,40,3.0,3,5.0,0.15049757635707578,0.003936611174429894,-0.07512503809183846,0.03510105419379098,0.08827915129738431,0.5862068965517241,0.008316525724993811,-0.00864366300771111,0.9621529341871083,3.4482758620689653,56.0,39.0,117.0
return_z,40,4.0,3,10.0,0.13760350609350472,0.0016472726100966728,-0.04340094118181992,0.005362193966484728,0.026971835651418183,0.0625,0.025681723299895928,-0.0050617095125167445,5.073725237765898,1.375,57.0,65.0,49.0
price_ma_z,40,3.0,5,10.0,0.1374694360603979,0.0043513666641132875,-0.10110954313770848,0.034511223267336306,0.17359145303470164,0.4691358024691358,0.010336125307835729,-0.009155349155361744,1.1289711765697623,5.555555555555555,58.0,38.0,109.0
price_ma_z,20,2.5,10,5.0,0.13578064521250435,0.008841801925772774,-0.17922016565009458,0.10690951371758811,0.26887742699973405,0.525,0.01295280414887593,-0.016290624629229526,0.7951078883516415,11.95,59.0,18.0,205.0
price_ma_z,20,3.0,10,0.0,0.13443069118119547,0.005204275784117085,-0.11810282195673061,0.02402786369846767,0.0,0.5087719298245614,0.012803412779204233,-0.012088885485005528,1.0591061347288773,9.350877192982455,60.0,30.0,93.0
price_ma_z,60,2.5,3,5.0,0.1309090268911726,0.004977036685762215,-0.08781753868316755,0.07453661544103848,0.18745958783421182,0.47770700636942676,0.00693897527129722,-0.00779365155536118,0.8903368622534791,4.624203821656051,61.0,33.0,153.0
return_z,40,3.0,3,0.0,0.1291961342914286,0.002953187214633335,-0.06451071215559512,0.03632752910752427,0.0,0.10526315789473684,0.0033870645271110488,-0.008785002219717408,0.38555078785398444,1.9473684210526316,62.0,50.0,125.0
price_ma_z,40,3.0,10,10.0,0.1199262409376511,0.00504680836222815,-0.15071361206157596,0.03503265435076686,0.1762142513843573,0.5714285714285714,0.013898075368281056,-0.013700655897869998,1.0144094904567125,10.35064935064935,63.0,31.0,113.0
price_ma_z,60,2.0,10,0.0,0.11725003326352534,0.00754176037415033,-0.19994686302579323,0.12430452890881225,0.0,0.5153846153846153,0.014570870672338329,-0.014956770706544949,0.9741989737104311,19.884615384615383,64.0,22.0,217.0
price_ma_z,60,2.5,5,5.0,0.11579982685071706,0.004784076486530564,-0.09260483250846774,0.06853113903000606,0.17235581466046523,0.5185185185185185,0.0077725697997057756,-0.00822407842978806,0.9450991823659055,6.940740740740741,65.0,36.0,149.0
return_z,60,4.0,5,0.0,0.1086610374418721,0.0018553774462617412,-0.045498696157519336,0.00830092765642077,0.0,0.045454545454545456,0.0275498981822206,-0.015003695212398815,1.836207533691687,2.0,66.0,62.0,65.0
return_z,60,4.0,10,0.0,0.1086610374418721,0.0018553774462617412,-0.045498696157519336,0.00830092765642077,0.0,0.045454545454545456,0.0275498981822206,-0.015003695212398815,1.836207533691687,2.0,66.0,62.0,65.0
price_ma_z,60,2.5,10,5.0,0.10553837610019555,0.005355030963021701,-0.13253616218836173,0.06405183164258303,0.16109035658109633,0.5196078431372549,0.013303285296982216,-0.0120173370663386,1.1070077525116313,13.627450980392156,68.0,29.0,145.0
price_ma_z,40,2.5,10,5.0,0.1023439974565112,0.006107941671175787,-0.1614693169157546,0.08784680012668585,0.22093470231861495,0.5384615384615384,0.014027464748958544,-0.014862194485541018,0.9438353644615163,13.561538461538461,69.0,24.0,169.0
price_ma_z,60,3.0,10,0.0,0.10032370058573871,0.003716048426809948,-0.12031009297391082,0.02769032047025948,0.0,0.631578947368421,0.011114582647085482,-0.012731066037334496,0.8730284341068851,11.263157894736842,70.0,42.0,97.0
price_ma_z,60,4.0,3,5.0,0.09898098381099678,0.0007799753667132592,-0.03564067088392975,0.0031623635635023213,0.007953344362208339,0.6666666666666666,0.008242247470519872,-0.0025719733129336794,3.204639577351791,2.7777777777777777,71.0,86.0,37.0
return_z,40,4.0,5,20.0,0.08954188018734281,0.0010791770302367443,-0.046890994180440515,0.005362193966484728,0.053943671302836366,0.0625,0.02381354841757126,-0.0065861675767796375,3.615691240764799,1.4375,72.0,80.0,49.0
return_z,40,4.0,10,20.0,0.08954188018734281,0.0010791770302367443,-0.046890994180440515,0.005362193966484728,0.053943671302836366,0.0625,0.02381354841757126,-0.0065861675767796375,3.615691240764799,1.4375,72.0,80.0,49.0
price_ma_z,20,2.5,5,5.0,0.08860283010846931,0.00493523628234982,-0.2348588351755041,0.10753161540998761,0.2704420127561189,0.48,0.009854329716184452,-0.011197997417284944,0.8800082147700409,6.095,74.0,35.0,209.0
price_ma_z,60,4.0,5,20.0,0.08639995347178026,0.0008641310573553884,-0.032049256143744986,0.00326071454020006,0.03280278827441261,0.6666666666666666,0.00933327143079492,-0.006907432538969235,1.351192556444088,4.555555555555555,75.0,83.0,41.0
return_z,40,2.5,5,0.0,0.07722794092455083,0.0029094105927196523,-0.1131369045559909,0.09395794955585883,0.0,0.12626262626262627,0.005043365082643532,-0.010253986394308795,0.4918443314341356,2.8838383838383836,76.0,51.0,177.0
return_z,40,3.0,5,5.0,0.07533088006086415,0.001858501735350071,-0.09214915021767223,0.036251172015861644,0.09117169761989202,0.06382978723404255,0.004474146929822342,-0.0056778779630786615,0.7879963181519964,2.234042553191489,77.0,61.0,121.0
price_ma_z,40,2.5,5,5.0,0.07440597053224725,0.0036553829898515744,-0.14815359902753422,0.09106056587382454,0.2290173231726687,0.49122807017543857,0.008829151887390627,-0.010044523982297276,0.8790015239100776,6.742690058479532,78.0,43.0,173.0
return_z,60,3.0,5,0.0,0.06990711075535525,0.001982113659708906,-0.09975682222699944,0.03903465503297796,0.0,0.06862745098039216,0.007859964875589579,-0.010071983455885253,0.780379049470822,2.323529411764706,79.0,60.0,141.0
price_ma_z,20,3.0,5,5.0,0.06621523319698905,0.0020818379549818467,-0.16333096468326125,0.0231177417131404,0.05814112040854811,0.5,0.009862365971936583,-0.011728872675345003,0.8408622247786898,5.0344827586206895,80.0,59.0,85.0
price_ma_z,60,2.0,3,0.0,0.06228648943216976,0.003335645614538141,-0.19767415524670495,0.1626533239113957,0.0,0.5198412698412699,0.007500210130035934,-0.010780401655788852,0.6957264088586603,6.738095238095238,81.0,45.0,225.0
price_ma_z,20,3.0,10,5.0,0.05601130123959243,0.00216561107297486,-0.14016296145053375,0.02402786369846767,0.060430077201646185,0.5087719298245614,0.01220064428697461,-0.012340064240249847,0.9887018454230986,9.350877192982455,82.0,57.0,93.0
price_ma_z,40,4.0,5,0.0,0.05547782310859882,0.000527145164105125,-0.02592469082437454,0.001685075703610237,0.0,0.3333333333333333,0.0034961992032266783,-0.0058198927957976605,0.600732578055589,5.0,83.0,91.0,25.0
price_ma_z,60,4.0,3,10.0,0.04794495611514574,0.0003812862061158828,-0.03917777543924961,0.0031623635635023213,0.015906688724416678,0.6666666666666666,0.007773781701633801,-0.0030187284534908144,2.5751841616109297,2.7777777777777777,84.0,92.0,37.0
return_z,60,4.0,5,5.0,0.04785903453755249,0.0008080677858575136,-0.05197778350440163,0.00830092765642077,0.020876833055898235,0.045454545454545456,0.026615810741058264,-0.008379591072025658,3.176266062661723,2.0,85.0,84.0,65.0
return_z,60,4.0,10,5.0,0.04785903453755249,0.0008080677858575136,-0.05197778350440163,0.00830092765642077,0.020876833055898235,0.045454545454545456,0.026615810741058264,-0.008379591072025658,3.176266062661723,2.0,85.0,84.0,65.0
price_ma_z,60,3.0,3,5.0,0.04784811933326232,0.0012493227219230185,-0.08322718018530495,0.029335127901026353,0.07377784667108127,0.5492957746478874,0.006446140602605113,-0.008352303277639205,0.7717799974843738,3.7183098591549295,87.0,75.0,105.0
return_z,20,3.0,5,10.0,0.04321807095068397,0.0007333905445996436,-0.072387101269762,0.0211200765863828,0.10623398522950547,0.017543859649122806,0.025681723299895928,-0.00529134075717163,4.853537974300398,2.0,88.0,87.0,73.0
return_z,20,3.0,10,10.0,0.03431505762252709,0.0005858869303927428,-0.0661215019833643,0.021339599579983794,0.10733818588731847,0.017543859649122806,0.025681723299895928,-0.005611213536939655,4.57685723967345,2.1228070175438596,89.0,88.0,81.0
price_ma_z,40,4.0,5,5.0,0.03329538372725723,0.0003147362523112651,-0.026573775656090204,0.001685075703610237,0.004237965394579745,0.3333333333333333,0.003083276266194319,-0.006191463279096521,0.49798829892184077,5.0,90.0,93.0,25.0
return_z,40,4.0,3,20.0,0.025347217465449417,0.00029468787708419875,-0.04934227120254786,0.005362193966484728,0.053943671302836366,0.0625,0.02381354841757126,-0.005896905139958224,4.038312954401699,1.375,91.0,94.0,49.0
price_ma_z,20,3.0,3,0.0,0.022506219660024793,0.0005676383148716102,-0.15518849468301832,0.023257618312050768,0.0,0.5862068965517241,0.007902349526213328,-0.00963014204195257,0.8205849396392785,3.1379310344827585,92.0,89.0,89.0
price_ma_z,40,2.5,3,5.0,0.020416546355639,0.00089743952345267,-0.1483755887917264,0.0957214523720148,0.2407394527156172,0.5125628140703518,0.006974551437484608,-0.008819666451005055,0.7907953748851597,4.241206030150754,93.0,82.0,201.0
price_ma_z,40,4.0,5,10.0,0.01087770839737673,0.00010237243429211951,-0.02911371435503396,0.001685075703610237,0.00847593078915949,0.3333333333333333,0.0026703533291619567,-0.006563033762395379,0.4068778899877745,5.0,94.0,96.0,25.0
price_ma_z,20,2.0,10,0.0,0.007372005631305609,0.0005582742471241797,-0.2200995256659939,0.23113822015112956,0.0,0.47794117647058826,0.016783924560239694,-0.02085628135988949,0.8047419513872834,24.96323529411765,95.0,90.0,273.0
price_ma_z,60,3.0,10,5.0,0.005923027384290975,0.00022020483858842255,-0.14280499814000636,0.02769032047025948,0.0696411559827026,0.5789473684210527,0.011310377481077303,-0.011379710552660549,0.9939073079879843,11.263157894736842,96.0,95.0,97.0
return_z,20,3.0,3,10.0,0.003584093669942539,5.857435058964633e-05,-0.06819667643956173,0.02125017502059583,0.10688838035359702,0.017543859649122806,0.025681723299895928,-0.003994443054365212,6.429362729762888,1.7719298245614035,97.0,97.0,77.0
return_z,40,3.0,10,5.0,0.0001819412070491979,4.586345218493548e-06,-0.12449634908395457,0.03645758476124364,0.09169082567452777,0.06382978723404255,0.004474146929822342,-0.006393316038485611,0.6998163242501205,2.4148936170212765,98.0,98.0,129.0
return_z,40,2.5,10,0.0,-0.006309915203505605,-0.00024222046030830668,-0.14302062612931188,0.09451692671419162,0.0,0.12690355329949238,0.005043365082643532,-0.011736562054864862,0.4297140047543167,3.1472081218274113,99.0,113.0,197.0
price_ma_z,40,2.0,5,5.0,-0.012213650266141282,-0.0007871061436204307,-0.20376561708598184,0.1892963234438104,0.4760802534611831,0.5,0.01202216992758776,-0.013712379265631168,0.8767384342788881,10.276315789473685,100.0,118.0,233.0
price_ma_z,20,2.0,3,0.0,-0.013790581319315945,-0.0008958239129724932,-0.30002832542284585,0.28054783629815466,0.0,0.5027322404371585,0.008394734679704252,-0.01099231825637478,0.7636910143896071,5.797814207650274,101.0,121.0,285.0
return_z,60,4.0,5,10.0,-0.014243465537490105,-0.0002381470483378001,-0.06423814956533347,0.00830092765642077,0.04175366611179647,0.045454545454545456,0.025681723299895928,-0.008900103699461457,2.8855532662445182,2.0,102.0,111.0,65.0
return_z,60,4.0,10,10.0,-0.014243465537490105,-0.0002381470483378001,-0.06423814956533347,0.00830092765642077,0.04175366611179647,0.045454545454545456,0.025681723299895928,-0.008900103699461457,2.8855532662445182,2.0,102.0,111.0,65.0
price_ma_z,40,3.0,3,10.0,-0.018803477424515068,-0.0004937279087504631,-0.0915769218295448,0.03510105419379098,0.17655830259476862,0.5632183908045977,0.008115757007882099,-0.0088057760875442,0.9216401742671908,3.4482758620689653,104.0,116.0,117.0
price_ma_z,20,3.0,10,10.0,-0.022352617363063047,-0.0008638679597442467,-0.17571441792803422,0.02402786369846767,0.12086015440329237,0.5087719298245614,0.011597875794744989,-0.013022988905672937,0.8905694290880372,9.350877192982455,105.0,120.0,93.0
price_ma_z,20,3.0,5,10.0,-0.026510089503601574,-0.0008328145399107978,-0.18804472439766684,0.0231177417131404,0.11628224081709622,0.5,0.009358514515689198,-0.012355189893497766,0.7574561456650986,5.0344827586206895,106.0,119.0,85.0
price_ma_z,40,4.0,5,20.0,-0.03445993919952632,-0.00032221995871251075,-0.03472992375101136,0.001685075703610237,0.01695186157831898,0.3333333333333333,0.0018445074550972362,-0.007306174728993098,0.25245871109236906,5.0,107.0,114.0,25.0
return_z,60,4.0,3,0.0,-0.03611687027776928,-0.0005726161533917695,-0.062324260698544465,0.008295372133630076,0.0,0.043478260869565216,0.0275498981822206,-0.010904534847213153,2.52646248264881,1.7391304347826086,108.0,117.0,61.0
price_ma_z,60,4.0,3,20.0,-0.05094522524542536,-0.0004156156908611264,-0.0462131116565867,0.0031623635635023213,0.031813377448833356,0.6666666666666666,0.006836850163861667,-0.003912238734605084,1.747554438175615,2.7777777777777777,109.0,115.0,37.0
price_ma_z,60,2.5,10,10.0,-0.05364732047244342,-0.0027260645387431337,-0.20458196516468274,0.06405183164258303,0.32218071316219266,0.49019607843137253,0.013112437066954329,-0.012600050982012185,1.040665397757011,13.627450980392156,110.0,141.0,145.0
return_z,60,3.0,3,0.0,-0.055230945772788954,-0.0014356816303798814,-0.10692231381563211,0.038907125961487626,0.0,0.08823529411764706,0.0062223091047655206,-0.009506103345932533,0.6545593792043003,2.019607843137255,111.0,125.0,137.0
price_ma_z,60,3.0,5,20.0,-0.05753569753753221,-0.0017009648232209074,-0.11568880677660609,0.02907358140380132,0.2924802289222413,0.45454545454545453,0.0086145945185095,-0.008557399913557194,1.0066836428740107,5.803030303030303,112.0,130.0,101.0
return_z,60,3.0,10,0.0,-0.06062220119905024,-0.0017645877721510494,-0.1612859840593862,0.038733644344146514,0.0,0.06930693069306931,0.007859964875589579,-0.012489599750169682,0.6293207975285833,2.5643564356435644,113.0,132.0,133.0
price_ma_z,40,2.0,3,5.0,-0.06164793850716178,-0.0036734899144603705,-0.196612304030102,0.2087451167064227,0.5249939685166531,0.5236486486486487,0.008298983952134638,-0.011550906600564927,0.7184703538100424,6.625,114.0,147.0,237.0
price_ma_z,20,2.5,10,10.0,-0.07197448742550724,-0.004656780060651622,-0.2809129074498252,0.10690951371758811,0.5377548539994681,0.5,0.012479016645840387,-0.01685128268973298,0.7405380869578259,11.95,115.0,155.0,205.0
return_z,40,3.0,3,5.0,-0.07220528033549178,-0.0016271083655382546,-0.09876632539957775,0.03632752910752427,0.09136373570542355,0.06315789473684211,0.004511147166128859,-0.00484724132905704,0.9306627955754035,1.9473684210526316,116.0,129.0,125.0
price_ma_z,20,2.0,5,0.0,-0.08066740209019294,-0.005570363729181627,-0.3301227824761297,0.25956422524044986,0.0,0.5274725274725275,0.009588329451864167,-0.015523008578845643,0.6176849934187949,9.652014652014651,117.0,164.0,281.0
price_ma_z,40,2.5,10,10.0,-0.0833457126540314,-0.004966956682407542,-0.2653489830817062,0.08784680012668585,0.4418694046372299,0.5153846153846153,0.013438194460939662,-0.015481366968874638,0.8680237661155643,13.561538461538461,118.0,158.0,169.0
price_ma_z,60,2.0,5,5.0,-0.08568507953500397,-0.004979928115356302,-0.2683620602713017,0.14649829207329698,0.3684432045643419,0.507537688442211,0.009473897015541619,-0.011704083081228287,0.8094523039345496,10.206030150753769,119.0,159.0,221.0
price_ma_z,60,3.0,10,10.0,-0.08736656869862408,-0.003263463072645023,-0.17928017132316787,0.02769032047025948,0.1392823119654052,0.5789473684210527,0.010585509081537355,-0.01227361029232185,0.8624609083571326,11.263157894736842,120.0,145.0,97.0
price_ma_z,40,3.0,10,20.0,-0.08953785092782172,-0.0037869244327493057,-0.2578249480828132,0.03503265435076686,0.3524285027687146,0.5454545454545454,0.013253688475684805,-0.014513409616893805,0.9132029499296521,10.35064935064935,121.0,148.0,113.0
price_ma_z,20,3.0,3,5.0,-0.0932132289135931,-0.002360192992387433,-0.1794615042102362,0.023257618312050768,0.05849291005480769,0.5517241379310345,0.007886146220550144,-0.009152981493723927,0.8615931569355368,3.1379310344827585,122.0,137.0,89.0
price_ma_z,60,3.0,3,10.0,-0.09323669379023587,-0.0024446900140454586,-0.09987554073517046,0.029335127901026353,0.14755569334216254,0.49295774647887325,0.006605507583181232,-0.008031076862019716,0.8224933837228933,3.7183098591549295,123.0,138.0,105.0
price_ma_z,60,2.5,5,10.0,-0.0932665427078609,-0.003854805445874687,-0.1646746486331443,0.06853113903000606,0.34471162932093047,0.5037037037037037,0.007240823642165441,-0.0088694240710188,0.816380362939813,6.940740740740741,124.0,149.0,149.0
price_ma_z,40,4.0,10,0.0,-0.09779532249690155,-0.001279654811869202,-0.045214862602657946,0.0017199483692528956,0.0,0.5,0.011363428089798516,-0.010053137146061314,1.1303365232862217,10.0,125.0,124.0,33.0
return_z,60,4.0,3,5.0,-0.10269775988947619,-0.0016166887979219835,-0.07909167851500931,0.008295372133630076,0.02086286091607964,0.043478260869565216,0.026615810741058264,-0.005946080148845425,4.476194412923674,1.7391304347826086,126.0,128.0,61.0
return_z,60,3.0,5,5.0,-0.10488573949811172,-0.002933902341646033,-0.1646241095456633,0.03903465503297796,0.09817215740793955,0.058823529411764705,0.008114424352820263,-0.006292797529728511,1.2894780603516958,2.323529411764706,127.0,143.0,141.0
return_z,40,3.0,5,10.0,-0.11129764686129169,-0.0027071997239478396,-0.13581327885116523,0.036251172015861644,0.18234339523978405,0.06382978723404255,0.003558515029431894,-0.006203282563279216,0.5736503203153736,2.234042553191489,128.0,140.0,121.0
return_z,60,2.0,5,0.0,-0.11279176405266395,-0.005964616083255603,-0.20412976618723888,0.2188935770231629,0.0,0.1883656509695291,0.006337327444577832,-0.01028623659568986,0.6160977715827867,3.5373961218836567,129.0,165.0,241.0
price_ma_z,40,4.0,10,5.0,-0.11405457865168994,-0.0014960675373030252,-0.04865111797389032,0.0017199483692528956,0.004325670148671032,0.5,0.010979448058772925,-0.010519772756976653,1.043696314779368,10.0,130.0,127.0,33.0
price_ma_z,20,2.5,3,5.0,-0.11418436150121244,-0.005212124838887888,-0.23767836068591996,0.10769505647124288,0.27085306702517586,0.5714285714285714,0.006546638394380998,-0.009394493178981347,0.696859135416484,3.5974025974025974,131.0,161.0,213.0
price_ma_z,60,2.5,3,10.0,-0.11621171031932788,-0.004417136991626713,-0.16191857488282568,0.07453661544103848,0.37491917566842364,0.445859872611465,0.006754717906206596,-0.008143158845020785,0.8294960266355157,4.624203821656051,132.0,152.0,153.0
price_ma_z,60,2.0,10,5.0,-0.1268152016688021,-0.00811579482015945,-0.3042716884804839,0.12430452890881225,0.3126258902056628,0.49230769230769234,0.013531788530371,-0.016272555906522268,0.8315711808338154,19.884615384615383,133.0,176.0,217.0
price_ma_z,40,4.0,10,10.0,-0.13018071629525133,-0.0017124333682604354,-0.05207500632084261,0.0017199483692528956,0.008651340297342065,0.5,0.01059546802774733,-0.010986408367891996,0.9644160013852028,10.0,134.0,131.0,33.0
price_ma_z,40,2.0,10,5.0,-0.13510575893820273,-0.009703935468567848,-0.36055429188257915,0.16555907223841615,0.4163810666796166,0.4857142857142857,0.016523419983651227,-0.019791114820282413,0.8348908150801908,21.242857142857144,135.0,181.0,229.0
price_ma_z,40,3.0,5,20.0,-0.1365566333420265,-0.004345432588072962,-0.1813515293025404,0.034511223267336306,0.3471829060694033,0.4074074074074074,0.010577353562999253,-0.009431395780022856,1.1215045799905579,5.555555555555555,136.0,150.0,109.0
price_ma_z,40,4.0,3,0.0,-0.13832782024347137,-0.00102243806067015,-0.03740010620179801,0.001685075703610237,0.0,0.5,0.004215649918990655,-0.0037982534738284454,1.1098916773296585,3.0,137.0,122.0,25.0
return_z,60,4.0,5,20.0,-0.14129523912754438,-0.0023272968148995155,-0.09628996938795675,0.00830092765642077,0.08350733222359294,0.045454545454545456,0.02381354841757126,-0.009941128954333064,2.3954571484752334,2.0,138.0,135.0,65.0
return_z,60,4.0,10,20.0,-0.14129523912754438,-0.0023272968148995155,-0.09628996938795675,0.00830092765642077,0.08350733222359294,0.045454545454545456,0.02381354841757126,-0.009941128954333064,2.3954571484752334,2.0,138.0,135.0,65.0
return_z,20,2.5,5,0.0,-0.14974042887771055,-0.00502700546641599,-0.20932606006486443,0.07668367730712976,0.0,0.08602150537634409,0.005293177000201199,-0.010157755737641489,0.5210970943696085,2.5053763440860215,140.0,160.0,157.0
return_z,40,2.0,5,0.0,-0.1535237227780567,-0.008281137106845637,-0.23888467814229353,0.22349333125388599,0.0,0.17962466487935658,0.006030263283307781,-0.010155166614281294,0.5938123432487432,3.455764075067024,141.0,177.0,253.0
price_ma_z,20,2.5,5,10.0,-0.1550223110158669,-0.00858878940501051,-0.3650716111669837,0.10753161540998761,0.5408840255122378,0.455,0.009564273702258857,-0.011656283803410435,0.8205251230637083,6.095,142.0,178.0,209.0
price_ma_z,40,2.5,5,10.0,-0.15898812701186704,-0.007794378050983153,-0.2633356230764986,0.09106056587382454,0.4580346463453374,0.45614035087719296,0.008720782126928768,-0.01039914931238158,0.8386053382794983,6.742690058479532,143.0,173.0,173.0
price_ma_z,40,4.0,10,20.0,-0.16196666552783426,-0.002145024387389727,-0.05888585981655636,0.0017199483692528956,0.01730268059468413,0.5,0.009827507965696142,-0.011919679589722674,0.8244775282524848,10.0,144.0,134.0,33.0
price_ma_z,40,4.0,3,5.0,-0.16610612003859995,-0.0012345180005934875,-0.038849542161322526,0.001685075703610237,0.004237965394579745,0.5,0.003907119087090109,-0.004227300690340184,0.9242586163833287,3.0,145.0,123.0,25.0
return_z,60,4.0,3,10.0,-0.1698537409347066,-0.0026596707302056766,-0.09555926314986563,0.008295372133630076,0.04172572183215928,0.043478260869565216,0.025681723299895928,-0.006439892874084271,3.9879115696544525,1.7391304347826086,146.0,139.0,61.0
price_ma_z,60,4.0,10,0.0,-0.1698899564058784,-0.002726364528329195,-0.08432331956111405,0.0033067619684484123,0.0,0.5555555555555556,0.008213912666844788,-0.004433622032939389,1.8526416112649895,8.666666666666666,147.0,142.0,45.0
price_ma_z,20,3.0,10,20.0,-0.1781183210087304,-0.00689537997671863,-0.250166993449525,0.02402786369846767,0.24172030880658474,0.49122807017543857,0.0107701398267197,-0.013899088285255176,0.7748810285740241,9.350877192982455,148.0,172.0,93.0
return_z,40,3.0,10,10.0,-0.18430156067853712,-0.004578555655320393,-0.16843259707433456,0.03645758476124364,0.18338165134905554,0.06382978723404255,0.003558515029431894,-0.006922920842294136,0.5140193150399599,2.4148936170212765,149.0,153.0,129.0
return_z,40,2.5,3,0.0,-0.19134228455587146,-0.006792918186878882,-0.18969207379056807,0.09440762969494863,0.0,0.14761904761904762,0.003935487181541805,-0.00909795859991867,0.43256815672660737,2.3380952380952382,150.0,171.0,193.0
price_ma_z,40,4.0,3,10.0,-0.1933244347760692,-0.0014465529165818003,-0.04163351972444751,0.001685075703610237,0.00847593078915949,0.3333333333333333,0.005419267130044886,-0.0035029533037692134,1.5470566291059886,3.0,151.0,126.0,25.0
price_ma_z,60,4.0,10,5.0,-0.19446935862823864,-0.0031417940403183353,-0.08862516059937298,0.0033067619684484123,0.008316506350647759,0.5555555555555556,0.007705034673195069,-0.0038944662322023447,1.9784571784148772,8.666666666666666,152.0,144.0,45.0
return_z,60,2.0,10,0.0,-0.1975569595750897,-0.010748007220016897,-0.2692112705102784,0.2202231592987536,0.0,0.18,0.00652269713500827,-0.011324141306208296,0.5759992708173198,3.94,153.0,184.0,245.0
return_z,20,2.5,3,0.0,-0.1981111810135965,-0.006427586289002418,-0.20185674594744207,0.07705146174420965,0.0,0.11052631578947368,0.0043434293633861165,-0.008390721383037734,0.5176467153547224,2.1578947368421053,154.0,168.0,161.0
price_ma_z,20,3.0,3,10.0,-0.2072828454670414,-0.005279456966629348,-0.20374846643554,0.023257618312050768,0.11698582010961538,0.5344827586206896,0.007646891160781271,-0.009462293424777722,0.808143524777758,3.1379310344827585,155.0,162.0,89.0
price_ma_z,20,3.0,5,20.0,-0.2107918197020711,-0.006636711536635698,-0.24805769713212777,0.0231177417131404,0.23256448163419244,0.4482758620689655,0.009358247702997353,-0.012367744042174628,0.756665699992275,5.0344827586206895,156.0,170.0,85.0
return_z,60,2.5,5,0.0,-0.21381986087861335,-0.007952332525283268,-0.22712492159469566,0.09403365591843921,0.0,0.1044776119402985,0.005299470601203562,-0.010544201630613433,0.502595719131298,2.9353233830845773,157.0,175.0,181.0
price_ma_z,60,4.0,10,10.0,-0.21859018191846918,-0.003557050498821157,-0.09290679162604876,0.0033067619684484123,0.016633012701295517,0.4444444444444444,0.009137030394464703,-0.0036844403877865353,2.4798963839265333,8.666666666666666,158.0,146.0,45.0
return_z,60,3.0,10,5.0,-0.23079515555411592,-0.006624545984465269,-0.22113035569227346,0.038733644344146514,0.09741511552552846,0.0594059405940594,0.008114424352820263,-0.007623845798664651,1.0643479114230694,2.5643564356435644,159.0,169.0,133.0
return_z,40,2.0,10,0.0,-0.2347481404519001,-0.013098664864742648,-0.29567602179456265,0.22433886611430107,0.0,0.17857142857142858,0.005892759845458586,-0.011332471902831395,0.5199889217449807,3.8516483516483517,160.0,193.0,257.0
return_z,40,2.5,5,5.0,-0.24191724877578197,-0.008893729910545378,-0.23735206659414987,0.09395794955585883,0.236304243132985,0.10606060606060606,0.0048058218224101175,-0.006913375507061869,0.695148385546405,2.8838383838383836,161.0,179.0,177.0
price_ma_z,40,4.0,3,20.0,-0.2457398298841813,-0.0018704877149846588,-0.04717730678879739,0.001685075703610237,0.01695186157831898,0.3333333333333333,0.004816852584155679,-0.004308113103443036,1.1180887011313745,3.0,162.0,133.0,25.0
return_z,60,3.0,3,5.0,-0.24590332362713624,-0.006318961935413037,-0.18179573191078247,0.038907125961487626,0.09785142179314138,0.058823529411764705,0.008151424589126781,-0.005754892015589849,1.4164339777435944,2.019607843137255,163.0,167.0,137.0
price_ma_z,40,2.5,3,10.0,-0.2523919749672749,-0.011101781232081165,-0.2685817116224726,0.0957214523720148,0.4814789054312344,0.46733668341708545,0.006963433987373631,-0.008924522864227244,0.7802584063385197,4.241206030150754,164.0,187.0,201.0
return_z,60,2.0,3,0.0,-0.2632822912521436,-0.013087887938355358,-0.2582465706304151,0.2218405499324468,0.0,0.21079691516709512,0.005532248517803598,-0.008689726157685063,0.6366424461961854,2.9331619537275064,165.0,192.0,249.0
price_ma_z,60,4.0,10,20.0,-0.26535126625896305,-0.0043870445436900996,-0.10323219583936549,0.0033067619684484123,0.033266025402591035,0.4444444444444444,0.008212569883639909,-0.0048734274984226335,1.6851732966783737,8.666666666666666,166.0,151.0,45.0
price_ma_z,60,3.0,10,20.0,-0.26956641937780057,-0.010194441343157945,-0.2564398365706262,0.02769032047025948,0.2785646239308104,0.543859649122807,0.009798014406958863,-0.013066607531311355,0.7498514349252473,11.263157894736842,167.0,183.0,97.0
return_z,40,3.0,3,10.0,-0.27735937973358193,-0.0061864866109136996,-0.16069124948112978,0.03632752910752427,0.1827274714108471,0.06315789473684211,0.0035978344099694888,-0.005366210613954699,0.6704609022637703,1.9473684210526316,168.0,166.0,125.0
return_z,20,3.0,5,20.0,-0.2776373206563119,-0.004578623552401129,-0.12495705277205749,0.0211200765863828,0.21246797045901095,0.017543859649122806,0.02381354841757126,-0.0062741873180762195,3.7954793521964736,2.0,169.0,154.0,73.0
return_z,60,3.0,5,10.0,-0.2828193629665763,-0.007825798937079353,-0.22588281862895443,0.03903465503297796,0.1963443148158791,0.058823529411764705,0.007192344002460978,-0.006823528766085783,1.0540505138936727,2.323529411764706,170.0,174.0,141.0
return_z,20,3.0,10,20.0,-0.28860550154968456,-0.004780401065987205,-0.12849074117784798,0.021339599579983794,0.21467637177463694,0.017543859649122806,0.02381354841757126,-0.006613950037096523,3.600503221827366,2.1228070175438596,171.0,157.0,81.0
return_z,20,2.0,3,0.0,-0.302909971449186,-0.015865396498016437,-0.3057025702149545,0.23341854431903533,0.0,0.20199501246882792,0.00505105157910033,-0.008889367113756241,0.5682127326346843,2.885286783042394,172.0,200.0,277.0
return_z,60,4.0,3,20.0,-0.30441007701987866,-0.004742367014584303,-0.12763783171244691,0.008295372133630076,0.08345144366431856,0.043478260869565216,0.02381354841757126,-0.007427518324561968,3.206124492325052,1.7391304347826086,173.0,156.0,61.0
return_z,40,2.0,3,0.0,-0.30726516953342714,-0.015446496487508288,-0.28799666789143263,0.22525848020774222,0.0,0.1994949494949495,0.005273716767490728,-0.00895164019531963,0.5891341309996009,2.8863636363636362,174.0,198.0,261.0
return_z,20,2.5,10,0.0,-0.3106949946553903,-0.011005281183452342,-0.279555414755693,0.07720822638436331,0.0,0.08695652173913043,0.005293177000201199,-0.012097568886335204,0.43754055462995556,2.7282608695652173,175.0,185.0,165.0
return_z,20,2.0,10,0.0,-0.3191932238777796,-0.01844643901310028,-0.38458968867957133,0.23093388389627664,0.0,0.17270194986072424,0.005039091523989344,-0.012090420264726481,0.41678381839966105,3.8662952646239552,176.0,205.0,269.0
price_ma_z,60,2.0,3,5.0,-0.3203941487286212,-0.01701775801832972,-0.42687534122635695,0.1626533239113957,0.40907310963716015,0.4603174603174603,0.00739198279862529,-0.010713190752982346,0.6899889089128283,6.738095238095238,177.0,202.0,225.0
return_z,40,2.5,10,5.0,-0.3226121615531439,-0.012077852648668674,-0.28460002534528894,0.09451692671419162,0.2377100706861919,0.1065989847715736,0.0048058218224101175,-0.00779907802813162,0.616203839104482,3.1472081218274113,178.0,191.0,197.0
return_z,20,3.0,3,20.0,-0.32854573876499615,-0.005282469895547703,-0.12605369870876904,0.02125017502059583,0.21377676070719404,0.017543859649122806,0.02381354841757126,-0.0049909023741382,4.771391350183091,1.7719298245614035,179.0,163.0,77.0
return_z,20,2.0,5,0.0,-0.328661931664647,-0.018286834145247788,-0.35432874092660893,0.23023377209233037,0.0,0.1742627345844504,0.00513964301944404,-0.011075334085559626,0.4640621203603484,3.493297587131367,180.0,204.0,265.0
price_ma_z,40,3.0,3,20.0,-0.3485497030268646,-0.009295839532932781,-0.21584857645146338,0.03510105419379098,0.35311660518953725,0.5172413793103449,0.007742041753572456,-0.009170856193483328,0.8442005403022058,3.4482758620689653,181.0,180.0,117.0
price_ma_z,60,2.5,10,20.0,-0.3654182197568882,-0.01869390887890121,-0.39661901442711167,0.06405183164258303,0.6443614263243853,0.4803921568627451,0.011452019347464853,-0.01494982170104643,0.7660304969833357,13.627450980392156,182.0,208.0,145.0
price_ma_z,60,3.0,3,20.0,-0.36785131455188547,-0.009791879657434444,-0.20445939619766407,0.029335127901026353,0.29511138668432507,0.4647887323943662,0.0058805016936525805,-0.008844371526024335,0.6648863264449436,3.7183098591549295,183.0,182.0,105.0
price_ma_z,60,2.0,10,10.0,-0.3690073246565228,-0.023530026070683663,-0.4754520233063342,0.12430452890881225,0.6252517804113256,0.47692307692307695,0.012325051310175769,-0.01807338500360634,0.6819448214994837,19.884615384615383,184.0,217.0,217.0
price_ma_z,20,2.0,10,5.0,-0.37773669577115077,-0.028161166347495437,-0.5332199942224646,0.23113822015112956,0.5813126236800907,0.4338235294117647,0.0146514984687947,-0.022538741075236617,0.6500584225128858,24.96323529411765,185.0,225.0,273.0
price_ma_z,40,2.0,5,10.0,-0.3801912908672935,-0.024337696377941143,-0.484648941086505,0.1892963234438104,0.9521605069223662,0.4692982456140351,0.011201395555405995,-0.014606971271481658,0.766852713489987,10.276315789473685,186.0,220.0,233.0
return_z,60,2.5,3,0.0,-0.39414587071487445,-0.013910999781634237,-0.2745090174042675,0.09419303502821882,0.0,0.12796208530805686,0.004158139031747113,-0.009028134522148158,0.4605756617323557,2.4075829383886256,187.0,195.0,185.0
return_z,60,2.5,10,0.0,-0.3948090407309868,-0.01551915886454025,-0.33647813996695264,0.09436272132518883,0.0,0.10552763819095477,0.005299470601203562,-0.012767156520382348,0.41508620911344907,3.2462311557788945,188.0,199.0,189.0
price_ma_z,60,2.0,5,10.0,-0.40075817407135045,-0.023178312742322738,-0.47531643180100536,0.14649829207329698,0.7368864091286838,0.4623115577889447,0.009250701009992316,-0.01237192469985842,0.7477172092793434,10.206030150753769,189.0,216.0,221.0
return_z,60,3.0,10,10.0,-0.40391345241429566,-0.01146084325113872,-0.28037158858868994,0.038733644344146514,0.19483023105105693,0.0594059405940594,0.007192344002460978,-0.008156768854180745,0.8817638615288882,2.5643564356435644,190.0,189.0,133.0
price_ma_z,20,2.5,3,10.0,-0.4085335699626909,-0.018619801639366385,-0.3726571392491371,0.10769505647124288,0.5417061340503517,0.5151515151515151,0.006602649877155837,-0.00910546266401931,0.7251306299070928,3.5974025974025974,191.0,207.0,213.0
price_ma_z,40,2.0,10,10.0,-0.42244060287253,-0.0301479729759907,-0.5616579632583636,0.16555907223841615,0.8327621333592332,0.45714285714285713,0.015461478471395729,-0.02166433410546337,0.7136835314728927,21.242857142857144,192.0,229.0,229.0
price_ma_z,20,3.0,3,20.0,-0.4280352096640244,-0.011092383120605231,-0.2517094951534554,0.023257618312050768,0.23397164021923075,0.4827586206896552,0.007408232968869949,-0.00971579110080869,0.7624940565316733,3.1379310344827585,193.0,186.0,89.0
return_z,60,3.0,3,10.0,-0.4385923685321527,-0.011178361528809688,-0.25040626765801055,0.038907125961487626,0.19570284358628276,0.058823529411764705,0.007231663382998573,-0.0062780151753144406,1.1519028197692065,2.019607843137255,194.0,188.0,137.0
return_z,20,2.5,5,5.0,-0.44431395585883265,-0.014594282527631508,-0.3065247321757911,0.07668367730712976,0.19285944842743136,0.07526881720430108,0.004727302134600889,-0.006750511986782079,0.700287940212126,2.5053763440860215,195.0,196.0,157.0
price_ma_z,40,2.5,10,20.0,-0.448562557751121,-0.026752369034481527,-0.49227516601231514,0.08784680012668585,0.8837388092744598,0.47692307692307695,0.012310811551631983,-0.017184607547924877,0.7163859586143747,13.561538461538461,196.0,223.0,169.0
price_ma_z,20,2.5,10,20.0,-0.485248427103686,-0.031114516441577034,-0.5256879555804135,0.10690951371758811,1.0755097079989362,0.46875,0.011203978540402242,-0.018700451699207758,0.5991287654766594,11.95,197.0,231.0,205.0
return_z,40,3.0,5,20.0,-0.4929260569326816,-0.011776276584552159,-0.2523468653628387,0.036251172015861644,0.3646867904795681,0.031914893617021274,0.0036851401289017473,-0.007022549321084259,0.5247581697771221,2.234042553191489,198.0,190.0,121.0
price_ma_z,40,2.0,3,10.0,-0.49952774733474803,-0.029537132638382868,-0.4998201498674062,0.2087451167064227,1.0499879370333063,0.47635135135135137,0.007948645117462343,-0.011984956472179481,0.6632185219790682,6.625,199.0,226.0,237.0
price_ma_z,60,2.5,5,20.0,-0.5023487836448745,-0.02091038307597215,-0.382739671906864,0.06853113903000606,0.6894232586418609,0.43703703703703706,0.006770071861122462,-0.00952750041007388,0.7105821642331437,6.940740740740741,200.0,213.0,149.0
return_z,20,2.5,3,5.0,-0.5024599760669255,-0.016026995095734242,-0.2985445788403891,0.07705146174420965,0.1937844262866873,0.08421052631578947,0.00445500615526494,-0.005544537816374545,0.8034945928420005,2.1578947368421053,201.0,201.0,161.0
return_z,40,2.5,3,5.0,-0.530695622216454,-0.01853748389827048,-0.3475040740580183,0.09440762969494863,0.23743518868279584,0.11428571428571428,0.003942461222127716,-0.00607140932930523,0.64934861220745,2.3380952380952382,202.0,206.0,193.0
return_z,60,2.5,5,5.0,-0.5397531396572776,-0.019636993989575746,-0.36588322317153055,0.09403365591843921,0.23649464463487463,0.09950248756218906,0.0042961965783834925,-0.007393523146709269,0.5810756919447336,2.9353233830845773,203.0,209.0,181.0
price_ma_z,20,2.0,5,5.0,-0.55272327177532,-0.03756719518981577,-0.6223329509638249,0.25956422524044986,0.6528040264797313,0.45787545787545786,0.009229613380566755,-0.015180495046110274,0.6079915939850509,9.652014652014651,204.0,240.0,281.0
price_ma_z,20,2.0,3,5.0,-0.5573850297090656,-0.03559625821858392,-0.6316589509937045,0.28054783629815466,0.705577808289859,0.45081967213114754,0.007994806440654699,-0.011425275798958238,0.6997473480144496,5.797814207650274,205.0,236.0,285.0
return_z,40,3.0,10,20.0,-0.5614770583881311,-0.013681920642504841,-0.28040655222967226,0.03645758476124364,0.3667633026981111,0.031914893617021274,0.0036851401289017473,-0.007726586731944878,0.4769428282822306,2.4148936170212765,206.0,194.0,129.0
return_z,40,2.5,5,10.0,-0.5710342870300407,-0.020557960434236522,-0.3761533665647354,0.09395794955585883,0.47260848626597,0.10101010101010101,0.004021258441822047,-0.00761136609365261,0.5283228256719273,2.8838383838383836,207.0,210.0,177.0
return_z,20,2.5,10,5.0,-0.593343065879306,-0.020579808586061787,-0.38593338996494697,0.07720822638436331,0.19417868935667373,0.07608695652173914,0.004727302134600889,-0.00797010818695579,0.5931289793955103,2.7282608695652173,208.0,211.0,165.0
price_ma_z,60,2.5,3,20.0,-0.5990025552500827,-0.02294286485081043,-0.40927802273999603,0.07453661544103848,0.7498383513368473,0.39490445859872614,0.006318298926613897,-0.009066270182236325,0.6969016805823228,4.624203821656051,209.0,215.0,153.0
price_ma_z,40,2.5,5,20.0,-0.6171192286679388,-0.030303531558409813,-0.5029728547733954,0.09106056587382454,0.9160692926906748,0.4093567251461988,0.00829058284186843,-0.011649413698473459,0.7116738280961582,6.742690058479532,210.0,230.0,173.0
price_ma_z,20,2.5,5,20.0,-0.6366969245201498,-0.035093286920989675,-0.5707218403613554,0.10753161540998761,1.0817680510244756,0.405,0.009127982043960902,-0.01262834009471869,0.7228172487830229,6.095,211.0,235.0,209.0
return_z,60,3.0,5,20.0,-0.6421586838403599,-0.01753770667689969,-0.3492239283104459,0.03903465503297796,0.3926886296317582,0.0392156862745098,0.00818598923560832,-0.007730755265885813,1.0588860925052639,2.323529411764706,212.0,203.0,141.0
return_z,60,2.0,5,5.0,-0.6440567527102207,-0.03300607528747135,-0.5020022032482385,0.2188935770231629,0.5505173462132547,0.15512465373961218,0.0058854474896433,-0.008016996169006975,0.7341212800370217,3.5373961218836567,213.0,233.0,241.0
return_z,40,2.5,10,10.0,-0.6489992480317194,-0.023773368708737808,-0.4157849936800764,0.09451692671419162,0.4754201413723838,0.10152284263959391,0.004021258441822047,-0.008507709985581695,0.47266049837582735,3.1472081218274113,214.0,218.0,197.0
return_z,40,2.0,5,5.0,-0.6846459489485359,-0.035818550000579985,-0.5306009975430095,0.22349333125388599,0.5620857281035232,0.13941018766756033,0.005811531920563247,-0.007672781347183093,0.7574218080249131,3.455764075067024,215.0,237.0,253.0
return_z,40,3.0,3,20.0,-0.6886780356986004,-0.015242872762915916,-0.28444914640125285,0.03632752910752427,0.3654549428216942,0.042105263157894736,0.002797156192466804,-0.006269567568546311,0.44614818516348886,1.9473684210526316,216.0,197.0,125.0
price_ma_z,60,2.0,3,10.0,-0.6995203073268159,-0.03695827784580974,-0.603041646609687,0.1626533239113957,0.8181462192743203,0.43253968253968256,0.006936859771683854,-0.011572205039437095,0.5994414848374725,6.738095238095238,217.0,238.0,225.0
return_z,60,2.5,10,5.0,-0.7059058515514512,-0.027155032945576307,-0.45605404254385606,0.09436272132518883,0.2373222441328499,0.10050251256281408,0.0042961965783834925,-0.00877115863057785,0.4898094720811652,3.2462311557788945,218.0,224.0,189.0
return_z,60,2.0,10,5.0,-0.7180420545821815,-0.03782054528925283,-0.5452640758402214,0.2202231592987536,0.5538612456363654,0.15428571428571428,0.005875137588039155,-0.008931695214421526,0.6577852744631151,3.94,219.0,241.0,245.0
return_z,60,2.5,3,5.0,-0.734814593963026,-0.025545047091292905,-0.4178424113951693,0.09419303502821882,0.23689548309597036,0.10426540284360189,0.00393876558186449,-0.0061794278041779165,0.6373997248097125,2.4075829383886256,220.0,222.0,185.0
return_z,20,2.5,5,10.0,-0.7463353032354609,-0.024069564337851346,-0.4190329578688461,0.07668367730712976,0.3857188968548627,0.06989247311827956,0.0038806003242862043,-0.007273907210698229,0.5334959894152543,2.5053763440860215,221.0,219.0,157.0
return_z,40,2.0,10,5.0,-0.7507710962955478,-0.04060452467671316,-0.5749834875199293,0.22433886611430107,0.5642122482774672,0.1401098901098901,0.005500204894086067,-0.008540429027897815,0.6440197414110372,3.8516483516483517,222.0,244.0,257.0
return_z,60,3.0,10,20.0,-0.7535626706996722,-0.021062915164644536,-0.39428082553409916,0.038733644344146514,0.38966046210211386,0.039603960396039604,0.00818598923560832,-0.0090392090600743,0.9056090174709417,2.5643564356435644,223.0,214.0,133.0
price_ma_z,20,2.0,10,10.0,-0.7623723580871222,-0.05605626088522142,-0.7283997333621199,0.23113822015112956,1.1626252473601815,0.38235294117647056,0.013161940563194625,-0.02474264164449987,0.5319537320349317,24.96323529411765,224.0,258.0,273.0
price_ma_z,40,2.5,3,20.0,-0.7814011018988568,-0.03467039070948941,-0.517682409801394,0.0957214523720148,0.9629578108624688,0.4020100502512563,0.006767499682365952,-0.009650364409144331,0.7012688221341483,4.241206030150754,225.0,234.0,201.0
return_z,20,2.5,3,10.0,-0.8109543498609099,-0.02553365912798644,-0.41915525707857115,0.07705146174420965,0.3875688525733746,0.07894736842105263,0.0035597140098663155,-0.006050923806131671,0.5882926514888683,2.1578947368421053,226.0,221.0,161.0
return_z,60,3.0,3,20.0,-0.8221566478323571,-0.020825985145078163,-0.3739080094878089,0.038907125961487626,0.3914056871725655,0.049019607843137254,0.006575432265119051,-0.007254158958746912,0.9064361978435189,2.019607843137255,227.0,212.0,137.0
return_z,20,2.0,10,5.0,-0.831290212880905,-0.04659583303428538,-0.6218363826701498,0.23093388389627664,0.5807987179991358,0.12813370473537605,0.004887695582485232,-0.008908387044920113,0.5486622390607033,3.8662952646239552,228.0,252.0,269.0
return_z,60,2.0,3,5.0,-0.8332220686736989,-0.04029199124765137,-0.561174525821395,0.2218405499324468,0.5579289830801037,0.16709511568123395,0.005237174621883481,-0.006649366804819356,0.787620050993075,2.9331619537275064,229.0,243.0,249.0
price_ma_z,60,2.0,10,20.0,-0.8438367968324038,-0.05364358333748842,-0.705116308134246,0.12430452890881225,1.2505035608226511,0.4230769230769231,0.010784220405235646,-0.020956462287433444,0.5146011887561008,19.884615384615383,230.0,256.0,217.0
return_z,20,2.0,5,5.0,-0.8579345796020292,-0.04635668431572315,-0.6145352196955395,0.23023377209233037,0.5790379368122109,0.12332439678284182,0.005346752252093884,-0.008072431737533508,0.6623471620371432,3.493297587131367,231.0,251.0,265.0
return_z,20,2.0,3,5.0,-0.8701559256893913,-0.04438802832300204,-0.5975036768185041,0.23341854431903533,0.5870476389623738,0.1546134663341646,0.004792900576595952,-0.006566441980359185,0.7299083112181523,2.885286783042394,232.0,249.0,277.0
return_z,60,2.5,5,10.0,-0.8730490043129713,-0.031184029694530824,-0.4882385978956416,0.09403365591843921,0.47298928926974926,0.0845771144278607,0.00372542696329224,-0.00797089929051149,0.46737850115945706,2.9353233830845773,233.0,232.0,181.0
return_z,40,2.5,3,10.0,-0.8732401984211542,-0.03014317139758027,-0.47458130471150717,0.09440762969494863,0.4748703773655917,0.10476190476190476,0.003254187639826174,-0.006665132755066035,0.48824048363518807,2.3380952380952382,234.0,228.0,193.0
return_z,40,2.0,3,5.0,-0.878202103630378,-0.04299781562883531,-0.5853060103442554,0.22525848020774222,0.5665250777224717,0.15656565656565657,0.005082592808074846,-0.006799963448355008,0.7474441365275847,2.8863636363636362,235.0,246.0,261.0
return_z,20,2.5,10,10.0,-0.8823888231765198,-0.030061644315764302,-0.48623671745249863,0.07720822638436331,0.38835737871334747,0.07065217391304347,0.0038806003242862043,-0.008505636232960367,0.45623868902932974,2.7282608695652173,236.0,227.0,165.0
price_ma_z,20,2.5,3,20.0,-0.9802874218408227,-0.04489546780046416,-0.6021947835770876,0.10769505647124288,1.0834122681007035,0.47186147186147187,0.005950523475816886,-0.009992617987771896,0.5954919404603102,3.5974025974025974,237.0,250.0,213.0
price_ma_z,40,2.0,10,20.0,-0.9861371480600591,-0.06977859826407595,-0.7940956928928318,0.16555907223841615,1.6655242667184664,0.40714285714285714,0.013118877257879847,-0.025492830083044805,0.514610469498448,21.242857142857144,238.0,270.0,229.0
price_ma_z,60,2.0,5,20.0,-1.016371411003239,-0.05858265329051926,-0.7309729162866676,0.14649829207329698,1.4737728182573675,0.41708542713567837,0.008241395947834436,-0.014844457989530992,0.5551833521740339,10.206030150753769,239.0,259.0,221.0
price_ma_z,20,2.0,5,10.0,-1.021786870749768,-0.06853449455870775,-0.7888374228226969,0.25956422524044986,1.3056080529594627,0.40293040293040294,0.008793729503352575,-0.01591212762324215,0.5526432235566008,9.652014652014651,240.0,267.0,281.0
return_z,60,2.5,10,10.0,-1.0234823666391115,-0.03865337914392297,-0.5614943347343767,0.09436272132518883,0.4746444882656998,0.08542713567839195,0.00372542696329224,-0.009341535059393231,0.3988024387433194,3.2462311557788945,241.0,242.0,189.0
return_z,60,2.5,3,10.0,-1.077070024952388,-0.03704183391353777,-0.5332408935710384,0.09419303502821882,0.4737909661919407,0.0947867298578199,0.0032212142044068122,-0.006764128051064592,0.47622016911696874,2.4075829383886256,242.0,239.0,185.0
price_ma_z,20,2.0,3,10.0,-1.096866334658594,-0.06909149273640758,-0.8061705447366597,0.28054783629815466,1.411155616579718,0.41530054644808745,0.0073921606604014,-0.012356528322730362,0.5982392843144465,5.797814207650274,243.0,268.0,285.0
price_ma_z,40,2.0,5,20.0,-1.098001051375496,-0.0697867577124206,-0.784140771341014,0.1892963234438104,1.9043210138447324,0.3991228070175439,0.010162328857602551,-0.016394794125769732,0.619850958764353,10.276315789473685,244.0,271.0,233.0
return_z,60,2.0,5,10.0,-1.1896098562246298,-0.05931190623566662,-0.7060860905400244,0.2188935770231629,1.1010346924265093,0.11911357340720222,0.0058377551668100545,-0.008689735327544497,0.6717989612762646,3.5373961218836567,245.0,260.0,241.0
return_z,40,2.0,5,10.0,-1.2286872729521852,-0.06259132168675707,-0.7283325559240361,0.22349333125388599,1.1241714562070464,0.10455764075067024,0.006034686124428236,-0.008376815015405317,0.7204034126729781,3.455764075067024,246.0,263.0,253.0
return_z,40,2.5,5,20.0,-1.244593778241668,-0.043476211573493795,-0.5916274372431045,0.09395794955585883,0.94521697253194,0.06060606060606061,0.0038332175107999543,-0.008729581638022007,0.4391066685377267,2.8838383838383836,247.0,247.0,177.0
return_z,60,2.0,10,10.0,-1.2535110292044842,-0.06415219799979399,-0.7348445278953447,0.2202231592987536,1.1077224912727308,0.12,0.005745203142894227,-0.009650987174861961,0.5952969410071153,3.94,248.0,264.0,245.0
return_z,40,2.0,10,10.0,-1.2800556700151116,-0.0673437705455664,-0.75454171142735,0.22433886611430107,1.1284244965549344,0.10714285714285714,0.005424652166644178,-0.009265821135475144,0.5854475374962013,3.8516483516483517,249.0,266.0,257.0
return_z,40,2.5,10,20.0,-1.3184220091170258,-0.046750667865695816,-0.6186442125092374,0.09451692671419162,0.9508402827447676,0.06091370558375635,0.0038332175107999543,-0.009615600846502974,0.3986456563652004,3.1472081218274113,250.0,253.0,197.0
price_ma_z,40,2.0,3,20.0,-1.3501875863898913,-0.0792676636884867,-0.8139405171789247,0.2087451167064227,2.0999758740666126,0.3952702702702703,0.007401375154684551,-0.013363229786465971,0.5538612500834584,6.625,251.0,276.0,237.0
return_z,20,2.0,10,10.0,-1.3551772520395216,-0.07393794723371205,-0.7847675874373058,0.23093388389627664,1.1615974359982717,0.116991643454039,0.003662327804735722,-0.009901793139047673,0.36986510961265695,3.8662952646239552,252.0,274.0,269.0
return_z,20,2.5,5,20.0,-1.3590725526380372,-0.04274767206301011,-0.6002552100060607,0.07668367730712976,0.7714377937097254,0.03763440860215054,0.003751593129896827,-0.008157898982850765,0.45987246689169453,2.5053763440860215,253.0,245.0,157.0
return_z,20,2.0,5,10.0,-1.3976631282578311,-0.07362394110556802,-0.7833061851470661,0.23023377209233037,1.1580758736244219,0.11528150134048257,0.0040455267128235535,-0.009032602333901787,0.4478805291404896,3.493297587131367,254.0,273.0,265.0
return_z,60,2.0,3,10.0,-1.412097357075181,-0.06674621700673988,-0.7486936286408672,0.2218405499324468,1.1158579661602075,0.12853470437017994,0.005013294867812537,-0.007242729381913388,0.6921830988648815,2.9331619537275064,255.0,265.0,249.0
return_z,20,2.5,3,20.0,-1.4246650217834598,-0.0442723284297033,-0.6017277596285864,0.07705146174420965,0.7751377051467492,0.042105263157894736,0.003299294536554971,-0.006901116818339117,0.4780812473406309,2.1578947368421053,256.0,248.0,161.0
price_ma_z,60,2.0,3,20.0,-1.43481600300045,-0.07563399878846089,-0.8098236650055473,0.1626533239113957,1.6362924385486406,0.38095238095238093,0.006024701342427039,-0.013304142755902299,0.4528440090402832,6.738095238095238,257.0,275.0,225.0
return_z,20,2.0,3,10.0,-1.4442179097660757,-0.07208400440056373,-0.776001731278853,0.23341854431903533,1.1740952779247475,0.13466334164588528,0.003843395994549442,-0.007335486712142137,0.5239456010720628,2.885286783042394,258.0,272.0,277.0
return_z,40,2.0,3,10.0,-1.4562537298879,-0.06977815057913639,-0.7643103738129371,0.22525848020774222,1.1330501554449435,0.12121212121212122,0.004934514557089702,-0.007434775619270975,0.6637072602836077,2.8863636363636362,259.0,269.0,261.0
return_z,20,2.5,10,20.0,-1.467977150244461,-0.04875082148750298,-0.6474274463402019,0.07720822638436331,0.7767147574266949,0.03804347826086957,0.003751593129896827,-0.00938325877386802,0.3998177200808802,2.7282608695652173,260.0,254.0,165.0
price_ma_z,20,2.0,10,20.0,-1.522187740583731,-0.10946737881464275,-0.9080469612550615,0.23113822015112956,2.325250494720363,0.2867647058823529,0.010842528175441329,-0.029511878960094384,0.3673953864510785,24.96323529411765,261.0,277.0,273.0
return_z,60,2.5,5,20.0,-1.5460756024619153,-0.05387168873833492,-0.6723691061748436,0.09403365591843921,0.9459785785394985,0.03482587064676617,0.005137593439314328,-0.00897574882132073,0.5723860528617556,2.9353233830845773,262.0,257.0,181.0
return_z,40,2.5,3,20.0,-1.549434154439788,-0.052944461219892935,-0.6629414559111197,0.09440762969494863,0.9497407547311834,0.06666666666666667,0.002580551230784355,-0.007710000382756537,0.33470182914073177,2.3380952380952382,263.0,255.0,193.0
return_z,60,2.5,10,20.0,-1.664909838594024,-0.06124397061350806,-0.7197318906269973,0.09436272132518883,0.9492889765313997,0.035175879396984924,0.005137593439314328,-0.01030321663939828,0.4986397567987438,3.2462311557788945,264.0,262.0,189.0
return_z,60,2.5,3,20.0,-1.7479502130892717,-0.05963008468073561,-0.7073874177916677,0.09419303502821882,0.9475819323838814,0.04739336492890995,0.003648021230635596,-0.007743953775744992,0.4710799336201675,2.4075829383886256,265.0,261.0,185.0
price_ma_z,20,2.0,5,20.0,-1.9373209792964787,-0.12751193630886892,-0.9376370284770617,0.25956422524044986,2.6112161059189254,0.326007326007326,0.007561816560840249,-0.018293903027537462,0.41335173524521207,9.652014652014651,266.0,287.0,281.0
price_ma_z,20,2.0,3,20.0,-2.1440838850297044,-0.13263234241526667,-0.9463535565011607,0.28054783629815466,2.822311233159436,0.319672131147541,0.006940733770388469,-0.01373275914626563,0.5054143669501313,5.797814207650274,267.0,288.0,285.0
return_z,60,2.0,5,20.0,-2.2964171701790335,-0.10979618626524701,-0.9020016153277919,0.2188935770231629,2.2020693848530186,0.07756232686980609,0.00465217066851131,-0.010318319280549743,0.45086515953046286,3.5373961218836567,268.0,278.0,241.0
return_z,40,2.0,5,20.0,-2.328528451645317,-0.11392728014324971,-0.9105723402745682,0.22349333125388599,2.248342912414093,0.06970509383378017,0.005283701024535385,-0.010096139165311165,0.523338767227912,3.455764075067024,269.0,279.0,253.0
return_z,60,2.0,10,20.0,-2.3448195456883743,-0.11467339474604055,-0.9121797037591723,0.2202231592987536,2.2154449825454616,0.07428571428571429,0.004867941400812351,-0.01131831581036909,0.43009414849095,3.94,270.0,280.0,245.0
return_z,40,2.0,10,20.0,-2.354263867738876,-0.11860728993648972,-0.9195428029378087,0.22433886611430107,2.2568489931098688,0.06868131868131869,0.0044213293745155435,-0.010987424382556146,0.40239907193672564,3.8516483516483517,271.0,282.0,257.0
return_z,20,2.0,10,20.0,-2.414753668212157,-0.1262922782212219,-0.932531299333154,0.23093388389627664,2.3231948719965434,0.055710306406685235,0.0033877352029495983,-0.011492402299012622,0.29478042230044954,3.8662952646239552,272.0,286.0,269.0
return_z,20,2.0,5,20.0,-2.4819899829863328,-0.12584181170108744,-0.9318335647708031,0.23023377209233037,2.3161517472488438,0.058981233243967826,0.003795233759312644,-0.0105881178295132,0.3584427204553629,3.493297587131367,273.0,285.0,265.0
return_z,60,2.0,3,20.0,-2.561787107206198,-0.11748714720725917,-0.9175810957043818,0.2218405499324468,2.231715932320415,0.07712082262210797,0.004229344151553136,-0.008670709991929077,0.4877736835264839,2.9331619537275064,274.0,281.0,249.0
return_z,20,2.0,3,20.0,-2.580081038029142,-0.1250911289722194,-0.9306555687349936,0.23341854431903533,2.348190555849495,0.06982543640897755,0.0032323807066286067,-0.008703458940544037,0.3713903551116835,2.885286783042394,275.0,284.0,277.0
return_z,40,2.0,3,20.0,-2.5991814419411474,-0.12111156371605669,-0.9239849020712426,0.22525848020774222,2.266100310889887,0.07323232323232323,0.004335761341182908,-0.008896290610061093,0.48736732321665166,2.8863636363636362,276.0,283.0,261.0
price_ma_z,20,4.0,3,0.0,,0.0,0.0,0.0,0.0,,,,,,,99.0,1.0
price_ma_z,20,4.0,3,5.0,,0.0,0.0,0.0,0.0,,,,,,,99.0,1.0
price_ma_z,20,4.0,3,10.0,,0.0,0.0,0.0,0.0,,,,,,,99.0,1.0
price_ma_z,20,4.0,3,20.0,,0.0,0.0,0.0,0.0,,,,,,,99.0,1.0
price_ma_z,20,4.0,5,0.0,,0.0,0.0,0.0,0.0,,,,,,,99.0,1.0
price_ma_z,20,4.0,5,5.0,,0.0,0.0,0.0,0.0,,,,,,,99.0,1.0
price_ma_z,20,4.0,5,10.0,,0.0,0.0,0.0,0.0,,,,,,,99.0,1.0
price_ma_z,20,4.0,5,20.0,,0.0,0.0,0.0,0.0,,,,,,,99.0,1.0
price_ma_z,20,4.0,10,0.0,,0.0,0.0,0.0,0.0,,,,,,,99.0,1.0
price_ma_z,20,4.0,10,5.0,,0.0,0.0,0.0,0.0,,,,,,,99.0,1.0
price_ma_z,20,4.0,10,10.0,,0.0,0.0,0.0,0.0,,,,,,,99.0,1.0
price_ma_z,20,4.0,10,20.0,,0.0,0.0,0.0,0.0,,,,,,,99.0,1.0
